{
  "120363299912897572@g.us": {
    "enabled": true,
    "welcomeMessage": "🎉 Welcome @user to *@group*!\n\n📝 *Group Description:*\n@desc\n\n👥 You are member #@count",
    "goodbyeMessage": "👋 @user left *@group*\n\n😢 We will miss you!\n\n👥 Now we have @count members"
  },
  "120363303245919343@g.us": {
    "enabled": true,
    "welcomeMessage": "🎉 Welcome @user to *@group*!\n\n📝 *Group Description:*\n@desc\n\n👥 You are member #@count",
    "goodbyeMessage": "👋 @user left *@group*\n\n😢 We will miss you!\n\n👥 Now we have @count members"
  }
}